Date,BPR:1,"BPR:1,1,1","BPR:10,10,3",BPR:300,FGOR,FOPR,WBHP:INJ,WBHP:PROD,WGIR:INJ,WGIR:PROD,WGIT:INJ,WGIT:PROD,WGOR:PROD,WGPR:INJ,WGPR:PROD,WGPT:INJ,WGPT:PROD,WOIR:INJ,WOIR:PROD,WOIT:INJ,WOIT:PROD,WOPR:INJ,WOPR:PROD,WOPT:INJ,WOPT:PROD,WWIR:INJ,WWIR:PROD,WWIT:INJ,WWIT:PROD,WWPR:INJ,WWPR:PROD,WWPT:INJ,WWPT:PROD
2015-01-01,4782.2998046875,4782.2998046875,4800.0,4800.0,-0.0,20000.0,4830.12255859375,4752.0,100000.0,0.0,0.0,0.0,-0.0,-0.0,-0.0,-0.0,-0.0,0.0,0.0,0.0,0.0,-0.0,20000.0,-0.0,0.0,0.0,0.0,0.0,0.0,-0.0,-0.0,-0.0,-0.0
2015-01-11,5669.1982421875,5669.1982421875,4172.2353515625,4172.2353515625,1.2700001001358032,20000.0,7618.53857421875,2529.31884765625,100000.0,0.0,1023000.0,0.0,1.2700001001358032,-0.0,25400.001953125,-0.0,259842.015625,0.0,0.0,0.0,0.0,-0.0,20000.0,-0.0,204600.0,0.0,0.0,0.0,0.0,-0.0,1.9218736269976944e-05,-0.0,0.00019660766702145338
2015-02-01,5957.962890625,5957.962890625,3944.841796875,3944.841796875,1.2462484836578369,20000.0,6980.16455078125,2304.682373046875,100000.0,0.0,3100000.0,0.0,1.2462484836578369,-0.0,24924.96875,-0.0,777533.625,0.0,0.0,0.0,0.0,-0.0,20000.0,-0.0,620000.0,0.0,0.0,0.0,0.0,-0.0,2.6135443476960063e-05,-0.0,0.00073944084579125047
2015-03-01,6024.0673828125,6024.0673828125,3875.201904296875,3875.201904296875,1.2346609830856323,20000.0,6635.53857421875,2222.569580078125,100000.0,0.0,5900000.0,0.0,1.2346609830856323,-0.0,24693.21875,-0.0,1468943.75,0.0,0.0,0.0,0.0,-0.0,20000.0,-0.0,1180000.0,0.0,0.0,0.0,0.0,-0.0,2.8478583772084676e-05,-0.0,0.0015368411550298333
2015-04-01,6024.68359375,6024.68359375,3869.64013671875,3869.64013671875,1.2353167533874512,20000.0,6507.29248046875,2215.9990234375,100000.0,0.0,9000000.0,0.0,1.2353167533874512,-0.0,24706.333984375,-0.0,2234840.25,0.0,0.0,0.0,0.0,-0.0,20000.0,-0.0,1800000.0,0.0,0.0,0.0,0.0,-0.0,2.8667336664511822e-05,-0.0,0.002425528597086668
2015-05-01,6018.60546875,6018.60546875,3905.220947265625,3905.220947265625,1.2323900461196899,20000.0,6435.44482421875,2257.837646484375,100000.0,0.0,12000000.0,0.0,1.2323900461196899,-0.0,24647.80078125,-0.0,2974274.25,0.0,0.0,0.0,0.0,-0.0,20000.0,-0.0,2400000.0,0.0,0.0,0.0,0.0,-0.0,2.746674363152124e-05,-0.0,0.0032495309133082628
2015-06-01,6027.13916015625,6027.13916015625,3955.99658203125,3955.99658203125,1.2500408887863159,20000.0,6390.38037109375,2316.451171875,100000.0,0.0,15100000.0,0.0,1.2500408887863159,-0.0,25000.818359375,-0.0,3749299.5,0.0,0.0,0.0,0.0,-0.0,20000.0,-0.0,3020000.0,0.0,0.0,0.0,0.0,-0.0,2.5784975150600076e-05,-0.0,0.0040488652884960175
2015-07-01,6043.3359375,6043.3359375,4011.88037109375,4011.88037109375,1.2690412998199463,20000.0,6374.43505859375,2380.87744140625,100000.0,0.0,18100000.0,0.0,1.2690412998199463,-0.0,25380.826171875,-0.0,4510724.5,0.0,0.0,0.0,0.0,-0.0,20000.0,-0.0,3620000.0,0.0,0.0,0.0,0.0,-0.0,2.3952372430358082e-05,-0.0,0.0047674365341663361
2015-08-01,6062.38134765625,6062.38134765625,4078.364501953125,4078.364501953125,1.2799500226974487,20000.0,6371.13330078125,2449.069091796875,100000.0,0.0,21200000.0,0.0,1.2799500226974487,-0.0,25599.0,-0.0,5304293.5,0.0,0.0,0.0,0.0,-0.0,20000.0,-0.0,4240000.0,0.0,0.0,0.0,0.0,-0.0,2.1908997950959019e-05,-0.0,0.0054466156288981438
2015-09-01,6089.84716796875,6089.84716796875,4153.62939453125,4153.62939453125,1.2794911861419678,20000.0,6387.32861328125,2517.6220703125,100000.0,0.0,24300000.0,0.0,1.2794911861419678,-0.0,25589.822265625,-0.0,6097578.0,0.0,0.0,0.0,0.0,-0.0,20000.0,-0.0,4860000.0,0.0,0.0,0.0,0.0,-0.0,1.9704939404618926e-05,-0.0,0.0060574687086045742
2015-10-01,6116.880859375,6116.880859375,4222.458984375,4222.458984375,1.2806298732757568,20000.0,6406.486328125,2581.136962890625,100000.0,0.0,27300000.0,0.0,1.2806298732757568,-0.0,25612.59765625,-0.0,6865956.0,0.0,0.0,0.0,0.0,-0.0,20000.0,-0.0,5460000.0,0.0,0.0,0.0,0.0,-0.0,1.7663980543147773e-05,-0.0,0.0065873879939317703
2015-11-01,6146.5615234375,6146.5615234375,4300.201171875,4300.201171875,1.281819224357605,20000.0,6429.697265625,2652.76806640625,100000.0,0.0,30400000.0,0.0,1.281819224357605,-0.0,25636.384765625,-0.0,7660684.0,0.0,0.0,0.0,0.0,-0.0,20000.0,-0.0,6080000.0,0.0,0.0,0.0,0.0,-0.0,1.5343281120294705e-05,-0.0,0.0070630297996103764
2015-12-01,6180.55322265625,6180.55322265625,4369.0673828125,4369.0673828125,1.2823861837387085,20000.0,6458.70751953125,2715.902099609375,100000.0,0.0,33400000.0,0.0,1.2823861837387085,-0.0,25647.72265625,-0.0,8430116.0,0.0,0.0,0.0,0.0,-0.0,20000.0,-0.0,6680000.0,0.0,0.0,0.0,0.0,-0.0,1.3275300261739176e-05,-0.0,0.0074612889438867569
2016-01-01,6218.68798828125,6218.68798828125,4437.74462890625,4437.74462890625,1.2822709083557129,20000.0,6492.68701171875,2778.441162109375,100000.0,0.0,36500000.0,0.0,1.2822709083557129,-0.0,25645.419921875,-0.0,9225124.0,0.0,0.0,0.0,0.0,-0.0,20000.0,-0.0,7300000.0,0.0,0.0,0.0,0.0,-0.0,1.1201153938600328e-05,-0.0,0.0078085246495902538
2016-02-01,6262.07958984375,6262.07958984375,4505.4990234375,4505.4990234375,1.2815937995910645,20000.0,6532.74658203125,2839.783935546875,100000.0,0.0,39600000.0,0.0,1.2815937995910645,-0.0,25631.875,-0.0,10019712.0,0.0,0.0,0.0,0.0,-0.0,20000.0,-0.0,7920000.0,0.0,0.0,0.0,0.0,-0.0,9.1414176495163701e-06,-0.0,0.0080919088795781136
2016-02-29,6292.74072265625,6292.74072265625,4566.203125,4566.203125,1.2806679010391235,20000.0,6560.689453125,2894.53076171875,100000.0,0.0,42400000.0,0.0,1.2806679010391235,-0.0,25613.357421875,-0.0,10736886.0,0.0,0.0,0.0,0.0,-0.0,20000.0,-0.0,8480000.0,0.0,0.0,0.0,0.0,-0.0,7.2831603574741166e-06,-0.0,0.008295837789773941
2016-03-31,6338.390625,6338.390625,4631.0732421875,4631.0732421875,1.2794387340545654,20000.0,6604.04150390625,2952.86376953125,100000.0,0.0,45500000.0,0.0,1.2794387340545654,-0.0,25588.775390625,-0.0,11530138.0,0.0,0.0,0.0,0.0,-0.0,20000.0,-0.0,9100000.0,0.0,0.0,0.0,0.0,-0.0,5.2829805099463556e-06,-0.0,0.0084596099331974983
2016-04-30,6382.060546875,6382.060546875,4693.08447265625,4693.08447265625,1.2781885862350464,20000.0,6645.80810546875,3008.547119140625,100000.0,0.0,48500000.0,0.0,1.2781885862350464,-0.0,25563.771484375,-0.0,12297051.0,0.0,0.0,0.0,0.0,-0.0,20000.0,-0.0,9700000.0,0.0,0.0,0.0,0.0,-0.0,3.3563064789632335e-06,-0.0,0.0085602989420294762
2016-05-31,6426.63427734375,6426.63427734375,4756.52197265625,4756.52197265625,1.2769312858581543,20000.0,6688.6953125,3065.48486328125,100000.0,0.0,51600000.0,0.0,1.2769312858581543,-0.0,25538.626953125,-0.0,13088748.0,0.0,0.0,0.0,0.0,-0.0,20000.0,-0.0,10320000.0,0.0,0.0,0.0,0.0,-0.0,1.3701981060876278e-06,-0.0,0.0086027747020125389
2016-06-30,6470.77978515625,6470.77978515625,4817.9384765625,4817.9384765625,1.2758035659790039,20000.0,6731.45361328125,3120.62109375,100000.0,0.0,54600000.0,0.0,1.2758035659790039,-0.0,25516.0703125,-0.0,13854230.0,0.0,0.0,0.0,0.0,-0.0,20000.0,-0.0,10920000.0,0.0,0.0,0.0,0.0,-0.0,7.1509982330890956e-17,-0.0,0.0086027747020125389
2016-07-31,6516.14306640625,6516.14306640625,4879.5751953125,4879.5751953125,1.2747660875320435,20000.0,6775.57470703125,3175.969970703125,100000.0,0.0,57700000.0,0.0,1.2747660875320435,-0.0,25495.3203125,-0.0,14644585.0,0.0,0.0,0.0,0.0,-0.0,20000.0,-0.0,11540000.0,0.0,0.0,0.0,0.0,-0.0,8.0704663939679296e-16,-0.0,0.0086027747020125389
2016-08-31,6560.8759765625,6560.8759765625,4940.0390625,4940.0390625,1.2738684415817261,20000.0,6819.21728515625,3230.295654296875,100000.0,0.0,60800000.0,0.0,1.2738684415817261,-0.0,25477.369140625,-0.0,15434383.0,0.0,0.0,0.0,0.0,-0.0,20000.0,-0.0,12160000.0,0.0,0.0,0.0,0.0,-0.0,-0.0,-0.0,0.0086027747020125389
2016-09-30,6605.05224609375,6605.05224609375,4999.1376953125,4999.1376953125,1.2731300592422485,20000.0,6862.48388671875,3283.436279296875,100000.0,0.0,63800000.0,0.0,1.2731300592422485,-0.0,25462.6015625,-0.0,16198261.0,0.0,0.0,0.0,0.0,-0.0,20000.0,-0.0,12760000.0,0.0,0.0,0.0,0.0,-0.0,1.8522022870797687e-15,-0.0,0.0086027747020125389
2016-10-31,6650.4033203125,6650.4033203125,5057.60546875,5057.60546875,1.272497296333313,20000.0,6907.001953125,3336.029052734375,100000.0,0.0,66900000.0,0.0,1.272497296333313,-0.0,25449.947265625,-0.0,16987210.0,0.0,0.0,0.0,0.0,-0.0,20000.0,-0.0,13380000.0,0.0,0.0,0.0,0.0,-0.0,-0.0,-0.0,0.0086027747020125389
2016-11-30,6695.79345703125,6695.79345703125,5116.56640625,5116.56640625,1.2719959020614624,20000.0,6951.70166015625,3389.1044921875,100000.0,0.0,69900000.0,0.0,1.2719959020614624,-0.0,25439.91796875,-0.0,17750408.0,0.0,0.0,0.0,0.0,-0.0,20000.0,-0.0,13980000.0,0.0,0.0,0.0,0.0,-0.0,-0.0,-0.0,0.0086027747020125389
2016-12-31,6742.65966796875,6742.65966796875,5175.73583984375,5175.73583984375,1.2715837955474854,20000.0,6997.9287109375,3442.382080078125,100000.0,0.0,73000000.0,0.0,1.2715837955474854,-0.0,25431.677734375,-0.0,18538790.0,0.0,0.0,0.0,0.0,-0.0,20000.0,-0.0,14600000.0,0.0,0.0,0.0,0.0,-0.0,1.3497844826576436e-15,-0.0,0.0086027747020125389
2017-01-31,6791.25634765625,6791.25634765625,5235.2158203125,5235.2158203125,1.2712677717208862,20000.0,7045.97998046875,3495.9560546875,100000.0,0.0,76100000.0,0.0,1.2712677717208862,-0.0,25425.35546875,-0.0,19326976.0,0.0,0.0,0.0,0.0,-0.0,20000.0,-0.0,15220000.0,0.0,0.0,0.0,0.0,-0.0,-0.0,-0.0,0.0086027747020125389
2017-02-28,6835.46728515625,6835.46728515625,5289.40625,5289.40625,1.2710564136505127,20000.0,7089.74267578125,3544.7744140625,100000.0,0.0,78900000.0,0.0,1.2710564136505127,-0.0,25421.12890625,-0.0,20038768.0,0.0,0.0,0.0,0.0,-0.0,20000.0,-0.0,15780000.0,0.0,0.0,0.0,0.0,-0.0,-0.0,-0.0,0.0086027747020125389
2017-03-31,6885.8505859375,6885.8505859375,5350.79443359375,5350.79443359375,1.2709161043167114,20000.0,7139.6943359375,3600.093505859375,100000.0,0.0,82000000.0,0.0,1.2709161043167114,-0.0,25418.322265625,-0.0,20826736.0,0.0,0.0,0.0,0.0,-0.0,20000.0,-0.0,16400000.0,0.0,0.0,0.0,0.0,-0.0,3.0529065887404912e-16,-0.0,0.0086027747020125389
2017-04-30,6934.80908203125,6934.80908203125,5409.33837890625,5409.33837890625,1.270882248878479,20000.0,7188.265625,3652.865966796875,100000.0,0.0,85000000.0,0.0,1.270882248878479,-0.0,25417.646484375,-0.0,21589266.0,0.0,0.0,0.0,0.0,-0.0,20000.0,-0.0,17000000.0,0.0,0.0,0.0,0.0,-0.0,-0.0,-0.0,0.0086027747020125389
2017-05-31,6988.3251953125,6988.3251953125,5476.1845703125,5476.1845703125,1.2709957361221313,20000.0,7241.4580078125,3713.15869140625,100000.0,0.0,88100000.0,0.0,1.2709957361221313,-0.0,25419.9140625,-0.0,22377284.0,0.0,0.0,0.0,0.0,-0.0,20000.0,-0.0,17620000.0,0.0,0.0,0.0,0.0,-0.0,-0.0,-0.0,0.0086027747020125389
2017-06-30,7031.47900390625,7031.47900390625,5539.10400390625,5539.10400390625,1.2713159322738647,20000.0,7284.15185546875,3769.979248046875,100000.0,0.0,91100000.0,0.0,1.2713159322738647,-0.0,25426.3203125,-0.0,23140074.0,0.0,0.0,0.0,0.0,-0.0,20000.0,-0.0,18220000.0,0.0,0.0,0.0,0.0,-0.0,4.3245190359707459e-16,-0.0,0.0086027747020125389
2017-07-31,7085.22998046875,7085.22998046875,5611.79443359375,5611.79443359375,1.2720252275466919,20000.0,7337.6328125,3835.7509765625,100000.0,0.0,94200000.0,0.0,1.2720252275466919,-0.0,25440.50390625,-0.0,23928730.0,0.0,0.0,0.0,0.0,-0.0,20000.0,-0.0,18840000.0,0.0,0.0,0.0,0.0,-0.0,1.1483631394708285e-14,-0.0,0.0086027747020125389
2017-08-31,7117.39697265625,7117.39697265625,5676.662109375,5676.662109375,1.2733819484710693,20000.0,7369.13623046875,3894.783203125,100000.0,0.0,97300000.0,0.0,1.2733819484710693,-0.0,25467.638671875,-0.0,24718226.0,0.0,0.0,0.0,0.0,-0.0,20000.0,-0.0,19460000.0,0.0,0.0,0.0,0.0,-0.0,1.7256310855078005e-14,-0.0,0.0086027747020125389
2017-09-30,7163.13916015625,7163.13916015625,5740.1796875,5740.1796875,1.2756936550140381,20000.0,7414.57958984375,3953.06298828125,100000.0,0.0,100300000.0,0.0,1.2756936550140381,-0.0,25513.873046875,-0.0,25483642.0,0.0,0.0,0.0,0.0,-0.0,20000.0,-0.0,20060000.0,0.0,0.0,0.0,0.0,-0.0,-0.0,-0.0,0.0086027747020125389
2017-10-31,7207.96923828125,7207.96923828125,5804.22998046875,5804.22998046875,1.2799316644668579,20000.0,7459.068359375,4012.799072265625,100000.0,0.0,103400000.0,0.0,1.2799316644668579,-0.0,25598.6328125,-0.0,26277200.0,0.0,0.0,0.0,0.0,-0.0,20000.0,-0.0,20680000.0,0.0,0.0,0.0,0.0,-0.0,-0.0,-0.0,0.0086027747020125389
2017-11-30,7250.34033203125,7250.34033203125,5873.5927734375,5873.5927734375,1.2871544361114502,20000.0,7501.1083984375,4078.8173828125,100000.0,0.0,106400000.0,0.0,1.2871544361114502,-0.0,25743.087890625,-0.0,27049492.0,0.0,0.0,0.0,0.0,-0.0,20000.0,-0.0,21280000.0,0.0,0.0,0.0,0.0,-0.0,-0.0,-0.0,0.0086027747020125389
2017-12-31,7293.4296875,7293.4296875,5952.08544921875,5952.08544921875,1.3012017011642456,20000.0,7543.86279296875,4156.5068359375,100000.0,0.0,109500000.0,0.0,1.3012017011642456,-0.0,26024.033203125,-0.0,27856238.0,0.0,0.0,0.0,0.0,-0.0,20000.0,-0.0,21900000.0,0.0,0.0,0.0,0.0,-0.0,-0.0,-0.0,0.0086027747020125389
2018-01-31,7337.7333984375,7337.7333984375,6052.10302734375,6052.10302734375,1.3271777629852295,20000.0,7587.87451171875,4259.4189453125,100000.0,0.0,112600000.0,0.0,1.3271777629852295,-0.0,26543.5546875,-0.0,28679088.0,0.0,0.0,0.0,0.0,-0.0,20000.0,-0.0,22520000.0,0.0,0.0,0.0,0.0,-0.0,3.4061420811680801e-14,-0.0,0.0086027747020125389
2018-02-28,7379.07568359375,7379.07568359375,6120.68603515625,6120.68603515625,1.3643734455108643,20000.0,7628.9892578125,4339.5576171875,100000.0,0.0,115400000.0,0.0,1.3643734455108643,-0.0,27287.46875,-0.0,29443138.0,0.0,0.0,0.0,0.0,-0.0,20000.0,-0.0,23080000.0,0.0,0.0,0.0,0.0,-0.0,-0.0,-0.0,0.0086027747020125389
2018-03-31,7423.05029296875,7423.05029296875,6161.65087890625,6161.65087890625,1.4107609987258911,20000.0,7672.68408203125,4399.09765625,100000.0,0.0,118500000.0,0.0,1.4107609987258911,-0.0,28215.220703125,-0.0,30317810.0,0.0,0.0,0.0,0.0,-0.0,20000.0,-0.0,23700000.0,0.0,0.0,0.0,0.0,-0.0,-0.0,-0.0,0.0086027747020125389
2018-04-30,7465.16748046875,7465.16748046875,6210.88037109375,6210.88037109375,1.499549388885498,20000.0,7714.533203125,4485.3037109375,100000.0,0.0,121500000.0,0.0,1.499549388885498,-0.0,29990.98828125,-0.0,31217540.0,0.0,0.0,0.0,0.0,-0.0,20000.0,-0.0,24300000.0,0.0,0.0,0.0,0.0,-0.0,-0.0,-0.0,0.0086027747020125389
2018-05-31,7507.4873046875,7507.4873046875,6245.2421875,6245.2421875,1.6488856077194214,20000.0,7756.56494140625,4582.6640625,100000.0,0.0,124600000.0,0.0,1.6488856077194214,-0.0,32977.7109375,-0.0,32239850.0,0.0,0.0,0.0,0.0,-0.0,20000.0,-0.0,24920000.0,0.0,0.0,0.0,0.0,-0.0,-0.0,-0.0,0.0086027747020125389
2018-06-30,7523.30712890625,7523.30712890625,6230.6357421875,6230.6357421875,2.0153696537017822,20000.0,7771.63623046875,4713.85595703125,100000.0,0.0,127600000.0,0.0,2.0153696537017822,-0.0,40307.39453125,-0.0,33449072.0,0.0,0.0,0.0,0.0,-0.0,20000.0,-0.0,25520000.0,0.0,0.0,0.0,0.0,-0.0,-0.0,-0.0,0.0086027747020125389
2018-07-31,7545.19677734375,7545.19677734375,6081.83935546875,6081.83935546875,2.9041638374328613,20000.0,7792.96044921875,4236.83837890625,100000.0,0.0,130700000.0,0.0,2.9041638374328613,-0.0,58083.27734375,-0.0,35249652.0,0.0,0.0,0.0,0.0,-0.0,20000.0,-0.0,26140000.0,0.0,0.0,0.0,0.0,-0.0,3.8688457505944743e-16,-0.0,0.0086027747020125389
2018-08-31,7501.3125,7501.3125,5788.2314453125,5788.2314453125,4.560579776763916,20000.0,7747.43017578125,3295.88427734375,100000.0,0.0,133800000.0,0.0,4.560579776763916,-0.0,91211.59375,-0.0,38077212.0,0.0,0.0,0.0,0.0,-0.0,20000.0,-0.0,26760000.0,0.0,0.0,0.0,0.0,-0.0,-0.0,-0.0,0.0086027747020125389
2018-09-30,7458.1005859375,7458.1005859375,5579.78466796875,5579.78466796875,5.4733309745788574,20000.0,7703.25732421875,2772.373779296875,100000.0,0.0,136800000.0,0.0,5.4733309745788574,-0.0,109466.6171875,-0.0,41361212.0,0.0,0.0,0.0,0.0,-0.0,20000.0,-0.0,27360000.0,0.0,0.0,0.0,0.0,-0.0,9.0887062144991843e-14,-0.0,0.0086027747020125389
2018-10-31,7385.67529296875,7385.67529296875,5435.0439453125,5435.0439453125,5.9836053848266602,20000.0,7629.56201171875,2443.0830078125,100000.0,0.0,139900000.0,0.0,5.9836053848266602,-0.0,119672.109375,-0.0,45071048.0,0.0,0.0,0.0,0.0,-0.0,20000.0,-0.0,27980000.0,0.0,0.0,0.0,0.0,-0.0,-0.0,-0.0,0.0086027747020125389
2018-11-30,7301.1162109375,7301.1162109375,5307.0888671875,5307.0888671875,6.5043368339538574,20000.0,7543.67041015625,2130.080810546875,100000.0,0.0,142900000.0,0.0,6.5043368339538574,-0.0,130086.734375,-0.0,48973648.0,0.0,0.0,0.0,0.0,-0.0,20000.0,-0.0,28580000.0,0.0,0.0,0.0,0.0,-0.0,-0.0,-0.0,0.0086027747020125389
2018-12-31,7202.19775390625,7202.19775390625,5164.7578125,5164.7578125,7.0401678085327148,20000.0,7443.32470703125,1793.589111328125,100000.0,0.0,146000000.0,0.0,7.0401678085327148,-0.0,140803.359375,-0.0,53338552.0,0.0,0.0,0.0,0.0,-0.0,20000.0,-0.0,29200000.0,0.0,0.0,0.0,0.0,-0.0,-0.0,-0.0,0.0086027747020125389
2019-01-31,7091.39501953125,7091.39501953125,5015.70458984375,5015.70458984375,7.5164647102355957,20000.0,7331.05712890625,1465.0445556640625,100000.0,0.0,149100000.0,0.0,7.5164647102355957,-0.0,150329.296875,-0.0,57998760.0,0.0,0.0,0.0,0.0,-0.0,20000.0,-0.0,29820000.0,0.0,0.0,0.0,0.0,-0.0,7.3797499889976213e-15,-0.0,0.0086027747020125389
2019-02-28,6985.09716796875,6985.09716796875,4883.900390625,4883.900390625,7.8924260139465332,20000.0,7223.45361328125,1174.1285400390625,100000.0,0.0,151900000.0,0.0,7.8924260139465332,-0.0,157848.515625,-0.0,62418520.0,0.0,0.0,0.0,0.0,-0.0,20000.0,-0.0,30380000.0,0.0,0.0,0.0,0.0,-0.0,1.2867717958872649e-14,-0.0,0.0086027747020125389
2019-03-31,6863.0390625,6863.0390625,4770.4931640625,4770.4931640625,8.1914587020874023,19628.05078125,7099.9970703125,1000.0,100000.0,0.0,155000000.0,0.0,8.1914587020874023,-0.0,160782.359375,-0.0,67402776.0,0.0,0.0,0.0,0.0,-0.0,19628.05078125,-0.0,30988470.0,0.0,0.0,0.0,0.0,-0.0,2.0732757093355758e-06,-0.0,0.0086670462042093277
2019-04-30,6745.4287109375,6745.4287109375,4708.13232421875,4708.13232421875,8.4191799163818359,18844.7265625,6981.12060546875,1000.0,100000.0,0.0,158000000.0,0.0,8.4191799163818359,-0.0,158657.140625,-0.0,72162488.0,0.0,0.0,0.0,0.0,-0.0,18844.7265625,-0.0,31553812.0,0.0,0.0,0.0,0.0,-0.0,6.3479269556410145e-06,-0.0,0.0088574839755892754
2019-05-31,6628.80224609375,6628.80224609375,4650.8125,4650.8125,8.7269420623779297,18015.94140625,6863.30224609375,1000.0,100000.0,0.0,161100000.0,0.0,8.7269420623779297,-0.0,157224.0625,-0.0,77036432.0,0.0,0.0,0.0,0.0,-0.0,18015.94140625,-0.0,32112306.0,0.0,0.0,0.0,0.0,-0.0,1.0149666195502505e-05,-0.0,0.0091721238568425179
2019-06-30,6523.07080078125,6523.07080078125,4597.3701171875,4597.3701171875,8.9981803894042969,17301.64453125,6756.53466796875,1000.0,100000.0,0.0,164100000.0,0.0,8.9981803894042969,-0.0,155683.296875,-0.0,81706928.0,0.0,0.0,0.0,0.0,-0.0,17301.64453125,-0.0,32631356.0,0.0,0.0,0.0,0.0,-0.0,1.3583647159975953e-05,-0.0,0.0095796333625912666
2019-07-31,6420.22705078125,6420.22705078125,4544.251953125,4544.251953125,9.2364845275878906,16661.583984375,6652.72314453125,1000.0,100000.0,0.0,167200000.0,0.0,9.2364845275878906,-0.0,153894.46875,-0.0,86477656.0,0.0,0.0,0.0,0.0,-0.0,16661.583984375,-0.0,33147866.0,0.0,0.0,0.0,0.0,-0.0,1.6891233826754615e-05,-0.0,0.010103262029588223
2019-08-31,6316.91845703125,6316.91845703125,4492.2275390625,4492.2275390625,9.4589557647705078,16071.8603515625,6548.4990234375,1000.0,100000.0,0.0,170300000.0,0.0,9.4589557647705078,-0.0,152023.015625,-0.0,91190368.0,0.0,0.0,0.0,0.0,-0.0,16071.8603515625,-0.0,33646092.0,0.0,0.0,0.0,0.0,-0.0,2.0028792278026231e-05,-0.0,0.01072415430098772
2019-09-30,6225.87744140625,6225.87744140625,4444.1005859375,4444.1005859375,9.6549701690673828,15556.44140625,6456.67236328125,1000.0,100000.0,0.0,173300000.0,0.0,9.6549701690673828,-0.0,150196.984375,-0.0,95696280.0,0.0,0.0,0.0,0.0,-0.0,15556.44140625,-0.0,34112784.0,0.0,0.0,0.0,0.0,-0.0,2.2841428290121257e-05,-0.0,0.01140939723700285
2019-10-31,6133.369140625,6133.369140625,4396.34619140625,4396.34619140625,9.8456563949584961,15065.4814453125,6363.4033203125,1000.0,100000.0,0.0,176400000.0,0.0,9.8456563949584961,-0.0,148329.546875,-0.0,100294496.0,0.0,0.0,0.0,0.0,-0.0,15065.4814453125,-0.0,34579812.0,0.0,0.0,0.0,0.0,-0.0,2.554695493017789e-05,-0.0,0.012201352976262569
2019-11-30,6047.0595703125,6047.0595703125,4351.181640625,4351.181640625,10.022439956665039,14635.5361328125,6276.4140625,1000.0,100000.0,0.0,179400000.0,0.0,10.022439956665039,-0.0,146683.78125,-0.0,104695008.0,0.0,0.0,0.0,0.0,-0.0,14635.5361328125,-0.0,35018880.0,0.0,0.0,0.0,0.0,-0.0,2.802752896968741e-05,-0.0,0.013042178936302662
2019-12-31,5965.08740234375,5965.08740234375,4303.486328125,4303.486328125,10.209207534790039,14250.916015625,6193.81005859375,1000.0,100000.0,0.0,182500000.0,0.0,10.209207534790039,-0.0,145490.546875,-0.0,109205216.0,0.0,0.0,0.0,0.0,-0.0,14250.916015625,-0.0,35460660.0,0.0,0.0,0.0,0.0,-0.0,3.0564551707357168e-05,-0.0,0.013989680446684361
2020-01-31,5886.029296875,5886.029296875,4258.29833984375,4258.29833984375,10.376473426818848,13899.91015625,6114.166015625,1000.0,100000.0,0.0,185600000.0,0.0,10.376473426818848,-0.0,144232.046875,-0.0,113676408.0,0.0,0.0,0.0,0.0,-0.0,13899.91015625,-0.0,35891556.0,0.0,0.0,0.0,0.0,-0.0,3.2889965950744227e-05,-0.0,0.015009269118309021
2020-02-28,5817.1162109375,5817.1162109375,4219.62939453125,4219.62939453125,10.521910667419434,13603.40625,6044.7587890625,1000.0,100000.0,0.0,188400000.0,0.0,10.521910667419434,-0.0,143133.828125,-0.0,117684152.0,0.0,0.0,0.0,0.0,-0.0,13603.40625,-0.0,36272452.0,0.0,0.0,0.0,0.0,-0.0,3.4819473512470722e-05,-0.0,0.015984214842319489
2020-03-30,5743.28173828125,5743.28173828125,4178.1923828125,4178.1923828125,10.676819801330566,13291.5859375,5970.4140625,1000.0,100000.0,0.0,191500000.0,0.0,10.676819801330566,-0.0,141911.859375,-0.0,122083416.0,0.0,0.0,0.0,0.0,-0.0,13291.5859375,-0.0,36684492.0,0.0,0.0,0.0,0.0,-0.0,3.6825229472015053e-05,-0.0,0.017125796526670456
2020-04-29,5676.34033203125,5676.34033203125,4140.078125,4140.078125,10.814731597900391,13012.1533203125,5903.02001953125,1000.0,100000.0,0.0,194500000.0,0.0,10.814731597900391,-0.0,140722.953125,-0.0,126305104.0,0.0,0.0,0.0,0.0,-0.0,13012.1533203125,-0.0,37074856.0,0.0,0.0,0.0,0.0,-0.0,3.8613634387729689e-05,-0.0,0.018284205347299576
2020-05-30,5609.75830078125,5609.75830078125,4102.39208984375,4102.39208984375,10.950758934020996,12740.3154296875,5836.0029296875,1000.0,100000.0,0.0,197600000.0,0.0,10.950758934020996,-0.0,139516.109375,-0.0,130630104.0,0.0,0.0,0.0,0.0,-0.0,12740.3154296875,-0.0,37469804.0,0.0,0.0,0.0,0.0,-0.0,4.0328708564629778e-05,-0.0,0.019534396007657051
2020-06-29,5547.6328125,5547.6328125,4067.34716796875,4067.34716796875,11.077182769775391,12491.298828125,5773.48291015625,1000.0,100000.0,0.0,200600000.0,0.0,11.077182769775391,-0.0,138368.40625,-0.0,134781152.0,0.0,0.0,0.0,0.0,-0.0,12491.298828125,-0.0,37844544.0,0.0,0.0,0.0,0.0,-0.0,4.1876086470438167e-05,-0.0,0.020790679380297661
2020-07-30,5486.03662109375,5486.03662109375,4032.80322265625,4032.80322265625,11.184552192687988,12258.43359375,5711.5068359375,1000.0,100000.0,0.0,203700000.0,0.0,11.184552192687988,-0.0,137105.09375,-0.0,139031408.0,0.0,0.0,0.0,0.0,-0.0,12258.43359375,-0.0,38224556.0,0.0,0.0,0.0,0.0,-0.0,4.3356532842153683e-05,-0.0,0.022134732455015182
2020-08-30,5427.3271484375,5427.3271484375,4000.176025390625,4000.176025390625,11.264838218688965,12048.0751953125,5652.4443359375,1000.0,100000.0,0.0,206800000.0,0.0,11.264838218688965,-0.0,135719.625,-0.0,143238720.0,0.0,0.0,0.0,0.0,-0.0,12048.0751953125,-0.0,38598048.0,0.0,0.0,0.0,0.0,-0.0,4.4714004616253078e-05,-0.0,0.02352086640894413
2020-09-29,5373.05224609375,5373.05224609375,3970.4658203125,3970.4658203125,11.351065635681152,11847.1826171875,5597.8505859375,1000.0,100000.0,0.0,209800000.0,0.0,11.351065635681152,-0.0,134478.15625,-0.0,147273072.0,0.0,0.0,0.0,0.0,-0.0,11847.1826171875,-0.0,38953464.0,0.0,0.0,0.0,0.0,-0.0,4.5915581722510979e-05,-0.0,0.024898333474993706
2020-10-30,5319.486328125,5319.486328125,3941.116943359375,3941.116943359375,11.44493579864502,11646.55859375,5543.9775390625,1000.0,100000.0,0.0,212900000.0,0.0,11.44493579864502,-0.0,133294.109375,-0.0,151405184.0,0.0,0.0,0.0,0.0,-0.0,11646.55859375,-0.0,39314508.0,0.0,0.0,0.0,0.0,-0.0,4.7070247092051432e-05,-0.0,0.026357511058449745
2020-11-29,5270.58544921875,5270.58544921875,3913.872314453125,3913.872314453125,11.538280487060547,11459.3427734375,5494.80029296875,1000.0,100000.0,0.0,215900000.0,0.0,11.538280487060547,-0.0,132221.109375,-0.0,155371824.0,0.0,0.0,0.0,0.0,-0.0,11459.3427734375,-0.0,39658288.0,0.0,0.0,0.0,0.0,-0.0,4.8113393859239295e-05,-0.0,0.027800912037491798
2020-12-30,5223.0029296875,5223.0029296875,3887.302734375,3887.302734375,11.719789505004883,11235.4248046875,5446.953125,1000.0,100000.0,0.0,219000000.0,0.0,11.719789505004883,-0.0,131676.8125,-0.0,159453808.0,0.0,0.0,0.0,0.0,-0.0,11235.4248046875,-0.0,40006588.0,0.0,0.0,0.0,0.0,-0.0,4.9103440687758848e-05,-0.0,0.029323117807507515
2021-01-30,5176.75537109375,5176.75537109375,3861.059326171875,3861.059326171875,11.915253639221191,11010.880859375,5400.455078125,1000.0,100000.0,0.0,222100000.0,0.0,11.915253639221191,-0.0,131197.4375,-0.0,163520928.0,0.0,0.0,0.0,0.0,-0.0,11010.880859375,-0.0,40347924.0,0.0,0.0,0.0,0.0,-0.0,5.0056707550538704e-05,-0.0,0.03087487630546093
2021-02-27,5136.2197265625,5136.2197265625,3837.95703125,3837.95703125,12.072442054748535,10823.2744140625,5359.705078125,1000.0,100000.0,0.0,224900000.0,0.0,12.072442054748535,-0.0,130663.34375,-0.0,167179504.0,0.0,0.0,0.0,0.0,-0.0,10823.2744140625,-0.0,40650976.0,0.0,0.0,0.0,0.0,-0.0,5.0874099542852491e-05,-0.0,0.032299350947141647
2021-03-30,5093.076171875,5093.076171875,3813.20751953125,3813.20751953125,12.199198722839355,10643.8193359375,5316.33837890625,1000.0,100000.0,0.0,228000000.0,0.0,12.199198722839355,-0.0,129846.0625,-0.0,171204736.0,0.0,0.0,0.0,0.0,-0.0,10643.8193359375,-0.0,40980936.0,0.0,0.0,0.0,0.0,-0.0,5.1727663958445191e-05,-0.0,0.033902909606695175
2021-04-29,5053.736328125,5053.736328125,3790.56640625,3790.56640625,12.296136856079102,10489.978515625,5276.7958984375,1000.0,100000.0,0.0,231000000.0,0.0,12.296136856079102,-0.0,128986.203125,-0.0,175074320.0,0.0,0.0,0.0,0.0,-0.0,10489.978515625,-0.0,41295636.0,0.0,0.0,0.0,0.0,-0.0,5.2488590881694108e-05,-0.0,0.035477567464113235
2021-05-30,5015.31201171875,5015.31201171875,3768.73876953125,3768.73876953125,12.382790565490723,10346.0986328125,5238.1767578125,1000.0,100000.0,0.0,234100000.0,0.0,12.382790565490723,-0.0,128113.5703125,-0.0,179045840.0,0.0,0.0,0.0,0.0,-0.0,10346.0986328125,-0.0,41616364.0,0.0,0.0,0.0,0.0,-0.0,5.3204050345811993e-05,-0.0,0.037126891314983368
2021-06-29,4979.576171875,4979.576171875,3748.822998046875,3748.822998046875,12.467110633850098,10213.8271484375,5202.662109375,1000.0,100000.0,0.0,237100000.0,0.0,12.467110633850098,-0.0,127336.9140625,-0.0,182865952.0,0.0,0.0,0.0,0.0,-0.0,10213.8271484375,-0.0,41922780.0,0.0,0.0,0.0,0.0,-0.0,5.3841358749195933e-05,-0.0,0.038742132484912872
2021-07-30,4944.07763671875,4944.07763671875,3729.3466796875,3729.3466796875,12.559959411621094,10081.3583984375,5167.39501953125,1000.0,100000.0,0.0,240200000.0,0.0,12.559959411621094,-0.0,126621.4609375,-0.0,186791216.0,0.0,0.0,0.0,0.0,-0.0,10081.3583984375,-0.0,42235304.0,0.0,0.0,0.0,0.0,-0.0,5.4450305469799787e-05,-0.0,0.040430091321468353
2021-08-30,4909.67529296875,4909.67529296875,3711.18115234375,3711.18115234375,12.660268783569336,9953.3955078125,5133.22119140625,1000.0,100000.0,0.0,243300000.0,0.0,12.660268783569336,-0.0,126012.6640625,-0.0,190697616.0,0.0,0.0,0.0,0.0,-0.0,9953.3955078125,-0.0,42543860.0,0.0,0.0,0.0,0.0,-0.0,5.500552651938051e-05,-0.0,0.042135260999202728
2021-09-29,4877.3310546875,4877.3310546875,3694.145751953125,3694.145751953125,12.734766006469727,9842.4033203125,5101.09716796875,1000.0,100000.0,0.0,246300000.0,0.0,12.734766006469727,-0.0,125340.7109375,-0.0,194457840.0,0.0,0.0,0.0,0.0,-0.0,9842.4033203125,-0.0,42839132.0,0.0,0.0,0.0,0.0,-0.0,5.5515032727271318e-05,-0.0,0.043800711631774902
2021-10-30,4844.8662109375,4844.8662109375,3677.092529296875,3677.092529296875,12.857234001159668,9713.294921875,5068.85791015625,1000.0,100000.0,0.0,249400000.0,0.0,12.857234001159668,-0.0,124886.1171875,-0.0,198329312.0,0.0,0.0,0.0,0.0,-0.0,9713.294921875,-0.0,43140244.0,0.0,0.0,0.0,0.0,-0.0,5.6014207075349987e-05,-0.0,0.045537151396274567
2021-11-29,4814.42138671875,4814.42138671875,3660.7822265625,3660.7822265625,12.987982749938965,9585.9423828125,5038.62841796875,1000.0,100000.0,0.0,252400000.0,0.0,12.987982749938965,-0.0,124502.0625,-0.0,202064368.0,0.0,0.0,0.0,0.0,-0.0,9585.9423828125,-0.0,43427824.0,0.0,0.0,0.0,0.0,-0.0,5.6481563660781831e-05,-0.0,0.047231599688529968
2021-12-30,4783.8720703125,4783.8720703125,3643.798583984375,3643.798583984375,13.115649223327637,9458.1689453125,5008.29931640625,1000.0,100000.0,0.0,255500000.0,0.0,13.115649223327637,-0.0,124050.0234375,-0.0,205909920.0,0.0,0.0,0.0,0.0,-0.0,9458.1689453125,-0.0,43721028.0,0.0,0.0,0.0,0.0,-0.0,5.6957636843435466e-05,-0.0,0.048997286707162857
2022-01-30,4754.87060546875,4754.87060546875,3627.076171875,3627.076171875,13.226906776428223,9339.220703125,4979.50927734375,1000.0,100000.0,0.0,258600000.0,0.0,13.226906776428223,-0.0,123528.9921875,-0.0,209739312.0,0.0,0.0,0.0,0.0,-0.0,9339.220703125,-0.0,44010544.0,0.0,0.0,0.0,0.0,-0.0,5.741588756791316e-05,-0.0,0.050777178257703781
2022-02-27,4729.46435546875,4729.46435546875,3612.75244140625,3612.75244140625,13.384195327758789,9215.5390625,4954.291015625,1000.0,100000.0,0.0,261400000.0,0.0,13.384195327758789,-0.0,123342.5703125,-0.0,213192896.0,0.0,0.0,0.0,0.0,-0.0,9215.5390625,-0.0,44268580.0,0.0,0.0,0.0,0.0,-0.0,5.7799734349828213e-05,-0.0,0.052395571023225784
2022-03-30,4702.2919921875,4702.2919921875,3597.414794921875,3597.414794921875,13.616787910461426,9062.115234375,4927.32275390625,1000.0,100000.0,0.0,264500000.0,0.0,13.616787910461426,-0.0,123396.8984375,-0.0,217018192.0,0.0,0.0,0.0,0.0,-0.0,9062.115234375,-0.0,44549504.0,0.0,0.0,0.0,0.0,-0.0,5.8203069784212857e-05,-0.0,0.054199866950511932
2022-04-29,4676.96435546875,4676.96435546875,3582.57861328125,3582.57861328125,13.862931251525879,8909.0947265625,4902.1875,1000.0,100000.0,0.0,267500000.0,0.0,13.862931251525879,-0.0,123506.15625,-0.0,220723376.0,0.0,0.0,0.0,0.0,-0.0,8909.0947265625,-0.0,44816776.0,0.0,0.0,0.0,0.0,-0.0,5.8584508224157616e-05,-0.0,0.055957403033971786
2022-05-30,4651.5791015625,4651.5791015625,3566.946533203125,3566.946533203125,14.099127769470215,8758.986328125,4876.998046875,1000.0,100000.0,0.0,270600000.0,0.0,14.099127769470215,-0.0,123494.0625,-0.0,224551696.0,0.0,0.0,0.0,0.0,-0.0,8758.986328125,-0.0,45088304.0,0.0,0.0,0.0,0.0,-0.0,5.8977533626602963e-05,-0.0,0.057785704731941223
2022-06-29,4627.75390625,4627.75390625,3552.580078125,3552.580078125,14.297355651855469,8629.7939453125,4853.359375,1000.0,100000.0,0.0,273600000.0,0.0,14.297355651855469,-0.0,123383.234375,-0.0,228253200.0,0.0,0.0,0.0,0.0,-0.0,8629.7939453125,-0.0,45347196.0,0.0,0.0,0.0,0.0,-0.0,5.9330668591428548e-05,-0.0,0.059565626084804535
2022-07-30,4604.02587890625,4604.02587890625,3538.971435546875,3538.971435546875,14.534353256225586,8493.416015625,4829.8193359375,1000.0,100000.0,0.0,276700000.0,0.0,14.534353256225586,-0.0,123446.3125,-0.0,232080032.0,0.0,0.0,0.0,0.0,-0.0,8493.416015625,-0.0,45610492.0,0.0,0.0,0.0,0.0,-0.0,5.9658159443642944e-05,-0.0,0.06141502782702446
2022-08-30,4581.50634765625,4581.50634765625,3525.439697265625,3525.439697265625,14.750003814697266,8366.642578125,4807.4794921875,1000.0,100000.0,0.0,279800000.0,0.0,14.750003814697266,-0.0,123408.0,-0.0,235905680.0,0.0,0.0,0.0,0.0,-0.0,8366.642578125,-0.0,45869856.0,0.0,0.0,0.0,0.0,-0.0,5.9976911870762706e-05,-0.0,0.063274309039115906
2022-09-29,4560.78466796875,4560.78466796875,3512.98486328125,3512.98486328125,14.947284698486328,8252.23828125,4786.92431640625,1000.0,100000.0,0.0,282800000.0,0.0,14.947284698486328,-0.0,123348.5546875,-0.0,239606144.0,0.0,0.0,0.0,0.0,-0.0,8252.23828125,-0.0,46117424.0,0.0,0.0,0.0,0.0,-0.0,6.0264272178756073e-05,-0.0,0.065082237124443054
2022-10-30,4539.89111328125,4539.89111328125,3500.647216796875,3500.647216796875,15.154019355773926,8137.2373046875,4766.201171875,1000.0,100000.0,0.0,285900000.0,0.0,15.154019355773926,-0.0,123311.8515625,-0.0,243428816.0,0.0,0.0,0.0,0.0,-0.0,8137.2373046875,-0.0,46369680.0,0.0,0.0,0.0,0.0,-0.0,6.0543232393683866e-05,-0.0,0.066959075629711151
2022-11-29,4520.10693359375,4520.10693359375,3489.27001953125,3489.27001953125,15.353480339050293,8030.2119140625,4746.580078125,1000.0,100000.0,0.0,288900000.0,0.0,15.353480339050293,-0.0,123291.703125,-0.0,247127568.0,0.0,0.0,0.0,0.0,-0.0,8030.2119140625,-0.0,46610588.0,0.0,0.0,0.0,0.0,-0.0,6.0795449826400727e-05,-0.0,0.06878294050693512
2022-12-30,4499.9931640625,4499.9931640625,3478.051025390625,3478.051025390625,15.56463623046875,7922.08203125,4726.634765625,1000.0,100000.0,0.0,292000000.0,0.0,15.56463623046875,-0.0,123304.328125,-0.0,250950000.0,0.0,0.0,0.0,0.0,-0.0,7922.08203125,-0.0,46856172.0,0.0,0.0,0.0,0.0,-0.0,6.1039412685204297e-05,-0.0,0.070675164461135864
2023-01-30,4480.1962890625,4480.1962890625,3467.176025390625,3467.176025390625,15.788981437683105,7813.33984375,4707.0068359375,1000.0,100000.0,0.0,295100000.0,0.0,15.788981437683105,-0.0,123364.6796875,-0.0,254774304.0,0.0,0.0,0.0,0.0,-0.0,7813.33984375,-0.0,47098384.0,0.0,0.0,0.0,0.0,-0.0,6.1271464801393449e-05,-0.0,0.07257457822561264
2023-02-27,4462.732421875,4462.732421875,3457.658447265625,3457.658447265625,16.001148223876953,7715.26708984375,4689.693359375,1000.0,100000.0,0.0,297900000.0,0.0,16.001148223876953,-0.0,123453.1328125,-0.0,258230992.0,0.0,0.0,0.0,0.0,-0.0,7715.26708984375,-0.0,47314412.0,0.0,0.0,0.0,0.0,-0.0,6.147092062747106e-05,-0.0,0.074295766651630402
2023-03-30,4443.3486328125,4443.3486328125,3447.468017578125,3447.468017578125,16.240335464477539,7608.6953125,4670.56201171875,1000.0,100000.0,0.0,301000000.0,0.0,16.240335464477539,-0.0,123567.765625,-0.0,262061600.0,0.0,0.0,0.0,0.0,-0.0,7608.6953125,-0.0,47550280.0,0.0,0.0,0.0,0.0,-0.0,6.1680737417191267e-05,-0.0,0.076207868754863739
2023-04-29,4424.67236328125,4424.67236328125,3438.1640625,3438.1640625,16.476428985595703,7508.30615234375,4652.1455078125,1000.0,100000.0,0.0,304000000.0,0.0,16.476428985595703,-0.0,123710.0703125,-0.0,265772896.0,0.0,0.0,0.0,0.0,-0.0,7508.30615234375,-0.0,47775528.0,0.0,0.0,0.0,0.0,-0.0,6.1868915508966893e-05,-0.0,0.078063935041427612
2023-05-30,4405.615234375,4405.615234375,3429.183837890625,3429.183837890625,16.734806060791016,7405.0927734375,4633.35400390625,1000.0,100000.0,0.0,307100000.0,0.0,16.734806060791016,-0.0,123922.796875,-0.0,269614496.0,0.0,0.0,0.0,0.0,-0.0,7405.0927734375,-0.0,48005084.0,0.0,0.0,0.0,0.0,-0.0,6.2047489336691797e-05,-0.0,0.079987406730651855
2023-06-29,4387.22412109375,4387.22412109375,3420.51416015625,3420.51416015625,17.001361846923828,7302.89794921875,4615.22021484375,1000.0,100000.0,0.0,310100000.0,0.0,17.001361846923828,-0.0,124159.21875,-0.0,273339264.0,0.0,0.0,0.0,0.0,-0.0,7302.89794921875,-0.0,48224172.0,0.0,0.0,0.0,0.0,-0.0,6.2217040976975113e-05,-0.0,0.081853918731212616
2023-07-30,4368.65771484375,4368.65771484375,3411.324462890625,3411.324462890625,17.283550262451172,7196.75390625,4596.9150390625,1000.0,100000.0,0.0,313200000.0,0.0,17.283550262451172,-0.0,124385.453125,-0.0,277195200.0,0.0,0.0,0.0,0.0,-0.0,7196.75390625,-0.0,48447272.0,0.0,0.0,0.0,0.0,-0.0,6.2393701227847487e-05,-0.0,0.083788126707077026
2023-08-30,4350.39501953125,4350.39501953125,3402.29345703125,3402.29345703125,17.567825317382812,7092.7900390625,4578.9091796875,1000.0,100000.0,0.0,316300000.0,0.0,17.567825317382812,-0.0,124604.8984375,-0.0,281057952.0,0.0,0.0,0.0,0.0,-0.0,7092.7900390625,-0.0,48667148.0,0.0,0.0,0.0,0.0,-0.0,6.2564249674323946e-05,-0.0,0.085727617144584656
2023-09-29,4333.255859375,4333.255859375,3393.93359375,3393.93359375,17.846004486083984,6994.8134765625,4562.01171875,1000.0,100000.0,0.0,319300000.0,0.0,17.846004486083984,-0.0,124829.4765625,-0.0,284802848.0,0.0,0.0,0.0,0.0,-0.0,6994.8134765625,-0.0,48876992.0,0.0,0.0,0.0,0.0,-0.0,6.2719416746404022e-05,-0.0,0.087609201669692993
2023-10-30,4315.828125,4315.828125,3385.516357421875,3385.516357421875,18.141639709472656,6894.453125,4544.83056640625,1000.0,100000.0,0.0,322400000.0,0.0,18.141639709472656,-0.0,125076.6796875,-0.0,288680224.0,0.0,0.0,0.0,0.0,-0.0,6894.453125,-0.0,49090720.0,0.0,0.0,0.0,0.0,-0.0,6.2873012211639434e-05,-0.0,0.08955826610326767
2023-11-29,4299.37646484375,4299.37646484375,3377.52880859375,3377.52880859375,18.436210632324219,6797.904296875,4528.6123046875,1000.0,100000.0,0.0,325400000.0,0.0,18.436210632324219,-0.0,125327.59375,-0.0,292440064.0,0.0,0.0,0.0,0.0,-0.0,6797.904296875,-0.0,49294656.0,0.0,0.0,0.0,0.0,-0.0,6.3016334024723619e-05,-0.0,0.091448754072189331
2023-12-30,4282.7783203125,4282.7783203125,3369.471435546875,3369.471435546875,18.749982833862305,6698.77587890625,4512.25,1000.0,100000.0,0.0,328500000.0,0.0,18.749982833862305,-0.0,125601.9296875,-0.0,296333728.0,0.0,0.0,0.0,0.0,-0.0,6698.77587890625,-0.0,49502320.0,0.0,0.0,0.0,0.0,-0.0,6.3158491684589535e-05,-0.0,0.093406669795513153
2024-01-30,4266.78466796875,4266.78466796875,3361.818603515625,3361.818603515625,19.072574615478516,6601.25048828125,4496.48388671875,1000.0,100000.0,0.0,331600000.0,0.0,19.072574615478516,-0.0,125902.8359375,-0.0,300236704.0,0.0,0.0,0.0,0.0,-0.0,6601.25048828125,-0.0,49706960.0,0.0,0.0,0.0,0.0,-0.0,6.3291277911048383e-05,-0.0,0.095368698239326477
2024-02-27,4252.90869140625,4252.90869140625,3355.091552734375,3355.091552734375,19.367084503173828,6514.92236328125,4482.80517578125,1000.0,100000.0,0.0,334400000.0,0.0,19.367084503173828,-0.0,126175.0546875,-0.0,303769600.0,0.0,0.0,0.0,0.0,-0.0,6514.92236328125,-0.0,49889376.0,0.0,0.0,0.0,0.0,-0.0,6.340620166156441e-05,-0.0,0.097144074738025665
2024-03-29,4237.95068359375,4237.95068359375,3347.617431640625,3347.617431640625,19.689672470092773,6421.87646484375,4468.06005859375,1000.0,100000.0,0.0,337500000.0,0.0,19.689672470092773,-0.0,126444.640625,-0.0,307689376.0,0.0,0.0,0.0,0.0,-0.0,6421.87646484375,-0.0,50088456.0,0.0,0.0,0.0,0.0,-0.0,6.3531908381264657e-05,-0.0,0.09911356121301651
2024-04-28,4223.498046875,4223.498046875,3340.104736328125,3340.104736328125,19.97540283203125,6337.96826171875,4453.81396484375,1000.0,100000.0,0.0,340500000.0,0.0,19.97540283203125,-0.0,126603.4765625,-0.0,311487488.0,0.0,0.0,0.0,0.0,-0.0,6337.96826171875,-0.0,50278596.0,0.0,0.0,0.0,0.0,-0.0,6.3656138081569225e-05,-0.0,0.10102324187755585
2024-05-29,4208.55078125,4208.55078125,3332.24609375,3332.24609375,20.236495971679688,6259.203125,4439.0810546875,1000.0,100000.0,0.0,343600000.0,0.0,20.236495971679688,-0.0,126664.3359375,-0.0,315414080.0,0.0,0.0,0.0,0.0,-0.0,6259.203125,-0.0,50472632.0,0.0,0.0,0.0,0.0,-0.0,6.3783889345359057e-05,-0.0,0.10300054401159286
2024-06-28,4194.10888671875,4194.10888671875,3324.80908203125,3324.80908203125,20.482995986938477,6185.98046875,4424.84765625,1000.0,100000.0,0.0,346600000.0,0.0,20.482995986938477,-0.0,126707.4140625,-0.0,319215296.0,0.0,0.0,0.0,0.0,-0.0,6185.98046875,-0.0,50658212.0,0.0,0.0,0.0,0.0,-0.0,6.3902640249580145e-05,-0.0,0.10491762310266495
2024-07-29,4179.1943359375,4179.1943359375,3317.327880859375,3317.327880859375,20.740911483764648,6111.59619140625,4410.14794921875,1000.0,100000.0,0.0,349700000.0,0.0,20.740911483764648,-0.0,126760.0703125,-0.0,323144864.0,0.0,0.0,0.0,0.0,-0.0,6111.59619140625,-0.0,50847672.0,0.0,0.0,0.0,0.0,-0.0,6.4020023273769766e-05,-0.0,0.10690224170684814
2024-08-29,4164.28955078125,4164.28955078125,3309.935302734375,3309.935302734375,21.005064010620117,6037.5556640625,4395.45947265625,1000.0,100000.0,0.0,352800000.0,0.0,21.005064010620117,-0.0,126819.2421875,-0.0,327076256.0,0.0,0.0,0.0,0.0,-0.0,6037.5556640625,-0.0,51034836.0,0.0,0.0,0.0,0.0,-0.0,6.4133964770007879e-05,-0.0,0.10889039188623428
2024-09-28,4149.912109375,4149.912109375,3302.794921875,3302.794921875,21.264829635620117,5966.3544921875,4381.29052734375,1000.0,100000.0,0.0,355800000.0,0.0,21.264829635620117,-0.0,126873.5078125,-0.0,330882464.0,0.0,0.0,0.0,0.0,-0.0,5966.3544921875,-0.0,51213828.0,0.0,0.0,0.0,0.0,-0.0,6.4242085500154644e-05,-0.0,0.11081765592098236
2024-10-29,4135.08642578125,4135.08642578125,3295.437744140625,3295.437744140625,21.535470962524414,5893.65234375,4366.681640625,1000.0,100000.0,0.0,358900000.0,0.0,21.535470962524414,-0.0,126922.578125,-0.0,334817056.0,0.0,0.0,0.0,0.0,-0.0,5893.65234375,-0.0,51396532.0,0.0,0.0,0.0,0.0,-0.0,6.4351501350756735e-05,-0.0,0.11281254887580872
2024-11-28,4120.822265625,4120.822265625,3288.35498046875,3288.35498046875,21.793930053710938,5825.1591796875,4352.6259765625,1000.0,100000.0,0.0,361900000.0,0.0,21.793930053710938,-0.0,126953.1171875,-0.0,338625664.0,0.0,0.0,0.0,0.0,-0.0,5825.1591796875,-0.0,51571288.0,0.0,0.0,0.0,0.0,-0.0,6.4454929088242352e-05,-0.0,0.11474619805812836
2024-12-29,4106.16650390625,4106.16650390625,3280.840087890625,3280.840087890625,22.051382064819336,5756.5244140625,4338.185546875,1000.0,100000.0,0.0,365000000.0,0.0,22.051382064819336,-0.0,126939.3203125,-0.0,342560768.0,0.0,0.0,0.0,0.0,-0.0,5756.5244140625,-0.0,51749740.0,0.0,0.0,0.0,0.0,-0.0,6.4562627812847495e-05,-0.0,0.11674764007329941
